{
  "timestamp": "2025-08-02T13:06:00.292302",
  "user": "Utkarsh-upadhyay9",
  "data_info": {
    "train_samples": 1568,
    "val_samples": 392,
    "test_samples": 490,
    "features": 6,
    "sequence_length": 60
  },
  "models": {
    "lstm": {
      "metrics": {
        "mse": 1521.418922896048,
        "mae": 30.05415876738879,
        "rmse": 39.005370436595626,
        "mape": 10.583289230443373,
        "directional_accuracy": 50.715746421267895
      },
      "model_type": "LSTM"
    },
    "cnn": {
      "metrics": {
        "mse": 12125.65761000817,
        "mae": 93.45647681100029,
        "rmse": 110.11656374046626,
        "mape": 33.11665237245678,
        "directional_accuracy": 49.284253578732105
      },
      "model_type": "CNN"
    },
    "attention": {
      "metrics": {
        "mse": 8211.651826062764,
        "mae": 67.29277303267499,
        "rmse": 90.61816498949183,
        "mape": 22.566891018756245,
        "directional_accuracy": 25.766871165644172
      },
      "model_type": "Attention"
    }
  }
}